date,convocados_ALL,mm5_ALL,mm10_ALL,convocados_Pesquisador,mm5_Pesquisador,mm10_Pesquisador,convocados_Analista,mm5_Analista,mm10_Analista,convocados_Tecnico,mm5_Tecnico,mm10_Tecnico,convocados_Assistente,mm5_Assistente,mm10_Assistente
2026-09-20,0,0,0,0,0,0,0,0,0,0,0,0,0,0,0
2026-09-21,0,0,0,0,0,0,0,0,0,0,0,0,0,0,0
2026-09-22,0,0,0,0,0,0,0,0,0,0,0,0,0,0,0
2026-09-23,0,0,0,0,0,0,0,0,0,0,0,0,0,0,0
2026-09-24,0,0,0,0,0,0,0,0,0,0,0,0,0,0,0
2026-09-25,0,0,0,0,0,0,0,0,0,0,0,0,0,0,0
2026-09-26,1,0,0,0,0,0,1,0,0,0,0,0,0,0,0
2026-09-27,0,0,0,0,0,0,0,0,0,0,0,0,0,0,0
2026-09-28,0,0,0,0,0,0,0,0,0,0,0,0,0,0,0
2026-09-29,0,0,0,0,0,0,0,0,0,0,0,0,0,0,0
2026-09-30,0,0,0,0,0,0,0,0,0,0,0,0,0,0,0
2026-10-01,0,0,0,0,0,0,0,0,0,0,0,0,0,0,0
2026-10-02,0,0,0,0,0,0,0,0,0,0,0,0,0,0,0
2026-10-03,3,0,0,0,0,0,0,0,0,2,0,0,1,0,0
2026-10-04,0,0,0,0,0,0,0,0,0,0,0,0,0,0,0
